"","film_id","title","language_id","rating","rental_rate"
"1",133,"Chamber Italian",1,"NC-17",4.99
"2",384,"Grosse Wonderful",1,"R",4.99
"3",8,"Airport Pollock",1,"R",4.99
"4",98,"Bright Encounters",1,"PG-13",4.99
"5",1,"Academy Dinosaur",1,"PG",0.99
"6",2,"Ace Goldfinger",1,"G",4.99
"7",3,"Adaptation Holes",1,"NC-17",2.99
"8",4,"Affair Prejudice",1,"G",2.99
"9",5,"African Egg",1,"G",2.99
"10",6,"Agent Truman",1,"PG",2.99
"11",7,"Airplane Sierra",1,"PG-13",4.99
"12",9,"Alabama Devil",1,"PG-13",2.99
"13",10,"Aladdin Calendar",1,"NC-17",4.99
"14",11,"Alamo Videotape",1,"G",0.99
"15",12,"Alaska Phantom",1,"PG",0.99
"16",213,"Date Speed",1,"R",0.99
"17",13,"Ali Forever",1,"PG",4.99
"18",14,"Alice Fantasia",1,"NC-17",0.99
"19",15,"Alien Center",1,"NC-17",2.99
"20",16,"Alley Evolution",1,"NC-17",2.99
"21",17,"Alone Trip",1,"R",0.99
"22",18,"Alter Victory",1,"PG-13",0.99
"23",19,"Amadeus Holy",1,"PG",0.99
"24",20,"Amelie Hellfighters",1,"R",4.99
"25",21,"American Circus",1,"R",4.99
"26",22,"Amistad Midsummer",1,"G",2.99
"27",23,"Anaconda Confessions",1,"R",0.99
"28",24,"Analyze Hoosiers",1,"R",2.99
"29",25,"Angels Life",1,"G",2.99
"30",26,"Annie Identity",1,"G",0.99
"31",27,"Anonymous Human",1,"NC-17",0.99
"32",28,"Anthem Luke",1,"PG-13",4.99
"33",29,"Antitrust Tomatoes",1,"NC-17",2.99
"34",30,"Anything Savannah",1,"R",2.99
"35",31,"Apache Divine",1,"NC-17",4.99
"36",32,"Apocalypse Flamingos",1,"R",4.99
"37",33,"Apollo Teen",1,"PG-13",2.99
"38",34,"Arabia Dogma",1,"NC-17",0.99
"39",35,"Arachnophobia Rollercoaster",1,"PG-13",2.99
"40",36,"Argonauts Town",1,"PG-13",0.99
"41",37,"Arizona Bang",1,"PG",2.99
"42",38,"Ark Ridgemont",1,"NC-17",0.99
"43",39,"Armageddon Lost",1,"G",0.99
"44",40,"Army Flintstones",1,"R",0.99
"45",41,"Arsenic Independence",1,"PG",0.99
"46",42,"Artist Coldblooded",1,"NC-17",2.99
"47",265,"Dying Maker",1,"PG",4.99
"48",43,"Atlantis Cause",1,"G",2.99
"49",44,"Attacks Hate",1,"PG-13",4.99
"50",45,"Attraction Newton",1,"PG-13",4.99
"51",46,"Autumn Crow",1,"G",4.99
"52",47,"Baby Hall",1,"NC-17",4.99
"53",48,"Backlash Undefeated",1,"PG-13",4.99
"54",49,"Badman Dawn",1,"R",2.99
"55",50,"Baked Cleopatra",1,"G",2.99
"56",126,"Casualties Encino",1,"G",4.99
"57",51,"Balloon Homeward",1,"NC-17",2.99
"58",52,"Ballroom Mockingbird",1,"G",0.99
"59",53,"Bang Kwai",1,"NC-17",2.99
"60",54,"Banger Pinocchio",1,"R",0.99
"61",55,"Barbarella Streetcar",1,"G",2.99
"62",56,"Barefoot Manchurian",1,"G",2.99
"63",57,"Basic Easy",1,"PG-13",2.99
"64",58,"Beach Heartbreakers",1,"G",2.99
"65",59,"Bear Graceland",1,"R",2.99
"66",60,"Beast Hunchback",1,"R",4.99
"67",61,"Beauty Grease",1,"G",4.99
"68",62,"Bed Highball",1,"NC-17",2.99
"69",63,"Bedazzled Married",1,"PG",0.99
"70",64,"Beethoven Exorcist",1,"PG-13",0.99
"71",65,"Behavior Runaway",1,"PG",4.99
"72",66,"Beneath Rush",1,"NC-17",0.99
"73",67,"Berets Agent",1,"PG-13",2.99
"74",68,"Betrayed Rear",1,"NC-17",4.99
"75",69,"Beverly Outlaw",1,"R",2.99
"76",70,"Bikini Borrowers",1,"NC-17",4.99
"77",71,"Bilko Anonymous",1,"PG-13",4.99
"78",72,"Bill Others",1,"PG",2.99
"79",73,"Bingo Talented",1,"PG-13",2.99
"80",74,"Birch Antitrust",1,"PG",4.99
"81",75,"Bird Independence",1,"G",4.99
"82",76,"Birdcage Casper",1,"NC-17",0.99
"83",77,"Birds Perdition",1,"G",4.99
"84",78,"Blackout Private",1,"PG",2.99
"85",79,"Blade Polish",1,"PG-13",0.99
"86",80,"Blanket Beverly",1,"G",2.99
"87",81,"Blindness Gun",1,"PG-13",4.99
"88",82,"Blood Argonauts",1,"G",0.99
"89",83,"Blues Instinct",1,"G",2.99
"90",84,"Boiled Dares",1,"PG",4.99
"91",85,"Bonnie Holocaust",1,"G",0.99
"92",86,"Boogie Amelie",1,"R",4.99
"93",87,"Boondock Ballroom",1,"NC-17",0.99
"94",88,"Born Spinal",1,"PG",4.99
"95",89,"Borrowers Bedazzled",1,"G",0.99
"96",90,"Boulevard Mob",1,"R",0.99
"97",91,"Bound Cheaper",1,"PG",0.99
"98",92,"Bowfinger Gables",1,"NC-17",4.99
"99",93,"Brannigan Sunrise",1,"PG",4.99
"100",94,"Braveheart Human",1,"PG-13",2.99
"101",95,"Breakfast Goldfinger",1,"G",4.99
"102",96,"Breaking Home",1,"PG-13",2.99
"103",97,"Bride Intrigue",1,"G",0.99
"104",99,"Bringing Hysterical",1,"PG",2.99
"105",100,"Brooklyn Desert",1,"R",4.99
"106",101,"Brotherhood Blanket",1,"R",0.99
"107",102,"Bubble Grosse",1,"R",4.99
"108",103,"Bucket Brotherhood",1,"PG",4.99
"109",104,"Bugsy Song",1,"G",2.99
"110",105,"Bull Shawshank",1,"NC-17",0.99
"111",106,"Bulworth Commandments",1,"G",2.99
"112",107,"Bunch Minds",1,"G",2.99
"113",108,"Butch Panther",1,"PG-13",0.99
"114",109,"Butterfly Chocolat",1,"G",0.99
"115",110,"Cabin Flash",1,"NC-17",0.99
"116",111,"Caddyshack Jedi",1,"NC-17",0.99
"117",112,"Calendar Gunfight",1,"NC-17",4.99
"118",113,"California Birds",1,"NC-17",4.99
"119",114,"Camelot Vacation",1,"NC-17",0.99
"120",115,"Campus Remember",1,"R",2.99
"121",116,"Candidate Perdition",1,"R",2.99
"122",117,"Candles Grapes",1,"NC-17",4.99
"123",118,"Canyon Stock",1,"R",0.99
"124",119,"Caper Motions",1,"G",0.99
"125",120,"Caribbean Liberty",1,"NC-17",4.99
"126",121,"Carol Texas",1,"PG",2.99
"127",122,"Carrie Bunch",1,"PG",0.99
"128",123,"Casablanca Super",1,"G",4.99
"129",124,"Casper Dragonfly",1,"PG-13",4.99
"130",125,"Cassidy Wyoming",1,"NC-17",2.99
"131",127,"Cat Coneheads",1,"G",4.99
"132",128,"Catch Amistad",1,"G",0.99
"133",129,"Cause Date",1,"R",2.99
"134",130,"Celebrity Horn",1,"PG-13",0.99
"135",131,"Center Dinosaur",1,"PG",4.99
"136",132,"Chainsaw Uptown",1,"PG",0.99
"137",134,"Champion Flatliners",1,"PG",4.99
"138",135,"Chance Resurrection",1,"R",2.99
"139",154,"Clash Freddy",1,"G",2.99
"140",136,"Chaplin License",1,"NC-17",2.99
"141",137,"Charade Duffel",1,"PG",2.99
"142",138,"Chariots Conspiracy",1,"R",2.99
"143",139,"Chasing Fight",1,"PG",4.99
"144",140,"Cheaper Clyde",1,"G",0.99
"145",141,"Chicago North",1,"PG-13",4.99
"146",142,"Chicken Hellfighters",1,"PG",0.99
"147",143,"Chill Luck",1,"PG",0.99
"148",144,"Chinatown Gladiator",1,"PG",4.99
"149",145,"Chisum Behavior",1,"G",4.99
"150",146,"Chitty Lock",1,"G",2.99
"151",147,"Chocolat Harry",1,"NC-17",0.99
"152",148,"Chocolate Duck",1,"R",2.99
"153",149,"Christmas Moonshine",1,"NC-17",0.99
"154",150,"Cider Desire",1,"PG",2.99
"155",151,"Cincinatti Whisperer",1,"NC-17",4.99
"156",152,"Circus Youth",1,"PG-13",2.99
"157",153,"Citizen Shrek",1,"G",0.99
"158",155,"Cleopatra Devil",1,"PG-13",0.99
"159",156,"Clerks Angels",1,"G",4.99
"160",157,"Clockwork Paradise",1,"PG-13",0.99
"161",158,"Clones Pinocchio",1,"R",2.99
"162",159,"Closer Bang",1,"R",4.99
"163",160,"Club Graffiti",1,"PG-13",0.99
"164",161,"Clue Grail",1,"NC-17",4.99
"165",162,"Clueless Bucket",1,"R",2.99
"166",163,"Clyde Theory",1,"PG-13",0.99
"167",164,"Coast Rainbow",1,"PG",0.99
"168",184,"Core Suit",1,"PG-13",2.99
"169",165,"Coldblooded Darling",1,"G",4.99
"170",166,"Color Philadelphia",1,"G",2.99
"171",167,"Coma Head",1,"NC-17",4.99
"172",168,"Comancheros Enemy",1,"R",0.99
"173",169,"Comforts Rush",1,"NC-17",2.99
"174",170,"Command Darling",1,"PG-13",4.99
"175",171,"Commandments Express",1,"R",4.99
"176",172,"Coneheads Smoochy",1,"NC-17",4.99
"177",173,"Confessions Maguire",1,"PG-13",4.99
"178",174,"Confidential Interview",1,"NC-17",4.99
"179",175,"Confused Candles",1,"PG-13",2.99
"180",176,"Congeniality Quest",1,"PG-13",0.99
"181",177,"Connecticut Tramp",1,"R",4.99
"182",178,"Connection Microcosmos",1,"G",0.99
"183",179,"Conquerer Nuts",1,"G",4.99
"184",180,"Conspiracy Spirit",1,"PG-13",2.99
"185",181,"Contact Anonymous",1,"PG-13",2.99
"186",182,"Control Anthem",1,"G",4.99
"187",183,"Conversation Downhill",1,"R",4.99
"188",185,"Cowboy Doom",1,"PG",2.99
"189",186,"Craft Outfield",1,"NC-17",0.99
"190",187,"Cranes Reservoir",1,"NC-17",2.99
"191",188,"Crazy Home",1,"PG",2.99
"192",189,"Creatures Shakespeare",1,"NC-17",0.99
"193",190,"Creepers Kane",1,"NC-17",4.99
"194",191,"Crooked Frogmen",1,"PG-13",0.99
"195",192,"Crossing Divorce",1,"R",4.99
"196",193,"Crossroads Casualties",1,"G",2.99
"197",194,"Crow Grease",1,"PG",0.99
"198",195,"Crowds Telemark",1,"R",4.99
"199",196,"Cruelty Unforgiven",1,"G",0.99
"200",197,"Crusade Honey",1,"R",2.99
"201",198,"Crystal Breaking",1,"NC-17",2.99
"202",199,"Cupboard Sinners",1,"R",2.99
"203",200,"Curtain Videotape",1,"PG-13",0.99
"204",201,"Cyclone Family",1,"PG",2.99
"205",202,"Daddy Pittsburgh",1,"G",4.99
"206",203,"Daisy Menagerie",1,"G",4.99
"207",204,"Dalmations Sweden",1,"PG",0.99
"208",205,"Dances None",1,"NC-17",0.99
"209",206,"Dancing Fever",1,"G",0.99
"210",207,"Dangerous Uptown",1,"PG",4.99
"211",208,"Dares Pluto",1,"PG-13",2.99
"212",209,"Darkness War",1,"NC-17",2.99
"213",210,"Darko Dorado",1,"NC-17",4.99
"214",211,"Darling Breaking",1,"PG-13",4.99
"215",212,"Darn Forrester",1,"G",4.99
"216",214,"Daughter Madigan",1,"PG-13",4.99
"217",215,"Dawn Pond",1,"PG",4.99
"218",216,"Day Unfaithful",1,"G",4.99
"219",217,"Dazed Punk",1,"G",4.99
"220",218,"Deceiver Betrayed",1,"NC-17",0.99
"221",219,"Deep Crusade",1,"PG-13",4.99
"222",220,"Deer Virginian",1,"NC-17",2.99
"223",221,"Deliverance Mulholland",1,"R",0.99
"224",222,"Desert Poseidon",1,"R",4.99
"225",223,"Desire Alien",1,"NC-17",2.99
"226",224,"Desperate Trainspotting",1,"G",4.99
"227",225,"Destination Jerk",1,"PG-13",0.99
"228",226,"Destiny Saturday",1,"G",4.99
"229",227,"Details Packer",1,"R",4.99
"230",228,"Detective Vision",1,"PG-13",0.99
"231",229,"Devil Desire",1,"R",4.99
"232",230,"Diary Panic",1,"G",2.99
"233",231,"Dinosaur Secretary",1,"R",2.99
"234",232,"Dirty Ace",1,"NC-17",2.99
"235",233,"Disciple Mother",1,"PG",0.99
"236",234,"Disturbing Scarface",1,"R",2.99
"237",235,"Divide Monster",1,"PG-13",2.99
"238",236,"Divine Resurrection",1,"R",2.99
"239",237,"Divorce Shining",1,"G",2.99
"240",238,"Doctor Grail",1,"G",2.99
"241",239,"Dogma Family",1,"G",4.99
"242",240,"Dolls Rage",1,"PG-13",2.99
"243",241,"Donnie Alley",1,"NC-17",0.99
"244",242,"Doom Dancing",1,"R",0.99
"245",243,"Doors President",1,"NC-17",4.99
"246",244,"Dorado Notting",1,"NC-17",4.99
"247",245,"Double Wrath",1,"R",0.99
"248",246,"Doubtfire Labyrinth",1,"R",4.99
"249",247,"Downhill Enough",1,"G",0.99
"250",248,"Dozen Lion",1,"NC-17",4.99
"251",249,"Dracula Crystal",1,"G",0.99
"252",250,"Dragon Squad",1,"NC-17",0.99
"253",251,"Dragonfly Strangers",1,"NC-17",4.99
"254",252,"Dream Pickup",1,"PG",2.99
"255",253,"Drifter Commandments",1,"PG-13",4.99
"256",254,"Driver Annie",1,"PG-13",2.99
"257",255,"Driving Polish",1,"NC-17",4.99
"258",256,"Drop Waterfront",1,"R",4.99
"259",257,"Drumline Cyclone",1,"G",0.99
"260",258,"Drums Dynamite",1,"PG",0.99
"261",259,"Duck Racer",1,"NC-17",2.99
"262",260,"Dude Blindness",1,"G",4.99
"263",261,"Duffel Apocalypse",1,"G",0.99
"264",262,"Dumbo Lust",1,"NC-17",0.99
"265",263,"Durham Panky",1,"R",4.99
"266",264,"Dwarfs Alter",1,"G",2.99
"267",266,"Dynamite Tarzan",1,"PG-13",0.99
"268",267,"Eagles Panky",1,"NC-17",4.99
"269",268,"Early Home",1,"NC-17",4.99
"270",269,"Earring Instinct",1,"R",0.99
"271",270,"Earth Vision",1,"NC-17",0.99
"272",271,"Easy Gladiator",1,"G",4.99
"273",272,"Edge Kissing",1,"NC-17",4.99
"274",273,"Effect Gladiator",1,"PG",0.99
"275",274,"Egg Igby",1,"PG",2.99
"276",275,"Egypt Tenenbaums",1,"PG",0.99
"277",276,"Element Freddy",1,"NC-17",4.99
"278",277,"Elephant Trojan",1,"PG-13",4.99
"279",278,"Elf Murder",1,"NC-17",4.99
"280",279,"Elizabeth Shane",1,"NC-17",4.99
"281",280,"Empire Malkovich",1,"G",0.99
"282",281,"Encino Elf",1,"G",0.99
"283",282,"Encounters Curtain",1,"NC-17",0.99
"284",283,"Ending Crowds",1,"NC-17",0.99
"285",284,"Enemy Odds",1,"NC-17",4.99
"286",285,"English Bulworth",1,"PG-13",0.99
"287",286,"Enough Raging",1,"NC-17",2.99
"288",287,"Entrapment Satisfaction",1,"R",0.99
"289",288,"Escape Metropolis",1,"R",2.99
"290",289,"Eve Resurrection",1,"G",4.99
"291",290,"Everyone Craft",1,"PG",0.99
"292",291,"Evolution Alter",1,"PG-13",0.99
"293",292,"Excitement Eve",1,"G",0.99
"294",293,"Exorcist Sting",1,"G",2.99
"295",294,"Expecations Natural",1,"PG-13",4.99
"296",295,"Expendable Stallion",1,"PG",0.99
"297",296,"Express Lonely",1,"R",2.99
"298",297,"Extraordinary Conquerer",1,"G",2.99
"299",298,"Eyes Driving",1,"PG-13",2.99
"300",299,"Factory Dragon",1,"PG-13",0.99
"301",300,"Falcon Volume",1,"PG-13",4.99
"302",301,"Family Sweet",1,"R",0.99
"303",302,"Fantasia Park",1,"G",2.99
"304",303,"Fantasy Troopers",1,"PG-13",0.99
"305",304,"Fargo Gandhi",1,"G",2.99
"306",305,"Fatal Haunted",1,"PG",2.99
"307",306,"Feathers Metal",1,"PG-13",0.99
"308",307,"Fellowship Autumn",1,"NC-17",4.99
"309",308,"Ferris Mother",1,"PG",2.99
"310",309,"Feud Frogmen",1,"R",0.99
"311",310,"Fever Empire",1,"R",4.99
"312",311,"Fiction Christmas",1,"PG",0.99
"313",312,"Fiddler Lost",1,"R",4.99
"314",313,"Fidelity Devil",1,"G",4.99
"315",314,"Fight Jawbreaker",1,"R",0.99
"316",315,"Finding Anaconda",1,"R",0.99
"317",316,"Fire Wolves",1,"R",4.99
"318",317,"Fireball Philadelphia",1,"PG",0.99
"319",318,"Firehouse Vietnam",1,"G",0.99
"320",319,"Fish Opus",1,"R",2.99
"321",320,"Flamingos Connecticut",1,"PG-13",4.99
"322",321,"Flash Wars",1,"NC-17",4.99
"323",322,"Flatliners Killer",1,"G",2.99
"324",323,"Flight Lies",1,"R",4.99
"325",324,"Flintstones Happiness",1,"PG-13",4.99
"326",325,"Floats Garden",1,"PG-13",2.99
"327",326,"Flying Hook",1,"NC-17",2.99
"328",327,"Fool Mockingbird",1,"PG",4.99
"329",328,"Forever Candidate",1,"NC-17",2.99
"330",329,"Forrest Sons",1,"R",2.99
"331",330,"Forrester Comancheros",1,"NC-17",4.99
"332",331,"Forward Temple",1,"NC-17",2.99
"333",332,"Frankenstein Stranger",1,"NC-17",0.99
"334",333,"Freaky Pocus",1,"R",2.99
"335",334,"Freddy Storm",1,"NC-17",4.99
"336",335,"Freedom Cleopatra",1,"PG-13",0.99
"337",336,"French Holiday",1,"PG",4.99
"338",337,"Frida Slipper",1,"R",2.99
"339",338,"Frisco Forrest",1,"PG",4.99
"340",339,"Frogmen Breaking",1,"R",0.99
"341",340,"Frontier Cabin",1,"PG-13",4.99
"342",341,"Frost Head",1,"PG",0.99
"343",342,"Fugitive Maguire",1,"R",4.99
"344",343,"Full Flatliners",1,"PG",2.99
"345",344,"Fury Murder",1,"PG-13",0.99
"346",345,"Gables Metropolis",1,"PG",0.99
"347",346,"Galaxy Sweethearts",1,"R",4.99
"348",347,"Games Bowfinger",1,"PG-13",4.99
"349",348,"Gandhi Kwai",1,"PG-13",0.99
"350",349,"Gangs Pride",1,"PG-13",2.99
"351",350,"Garden Island",1,"G",4.99
"352",351,"Gaslight Crusade",1,"PG",2.99
"353",352,"Gathering Calendar",1,"PG-13",0.99
"354",353,"Gentlemen Stage",1,"NC-17",2.99
"355",354,"Ghost Groundhog",1,"G",4.99
"356",355,"Ghostbusters Elf",1,"R",0.99
"357",356,"Giant Troopers",1,"R",2.99
"358",357,"Gilbert Pelican",1,"G",0.99
"359",358,"Gilmore Boiled",1,"R",0.99
"360",359,"Gladiator Westward",1,"PG",4.99
"361",360,"Glass Dying",1,"G",0.99
"362",361,"Gleaming Jawbreaker",1,"NC-17",2.99
"363",362,"Glory Tracy",1,"PG-13",2.99
"364",363,"Go Purple",1,"R",0.99
"365",364,"Godfather Diary",1,"NC-17",2.99
"366",365,"Gold River",1,"R",4.99
"367",366,"Goldfinger Sensibility",1,"G",0.99
"368",367,"Goldmine Tycoon",1,"R",0.99
"369",368,"Gone Trouble",1,"R",2.99
"370",369,"Goodfellas Salute",1,"PG",4.99
"371",370,"Gorgeous Bingo",1,"R",2.99
"372",371,"Gosford Donnie",1,"G",4.99
"373",372,"Graceland Dynamite",1,"R",4.99
"374",373,"Graduate Lord",1,"G",2.99
"375",374,"Graffiti Love",1,"PG",0.99
"376",375,"Grail Frankenstein",1,"NC-17",2.99
"377",376,"Grapes Fury",1,"G",0.99
"378",377,"Grease Youth",1,"G",0.99
"379",378,"Greatest North",1,"NC-17",2.99
"380",379,"Greedy Roots",1,"R",0.99
"381",380,"Greek Everyone",1,"PG",2.99
"382",381,"Grinch Massage",1,"R",4.99
"383",382,"Grit Clockwork",1,"PG",0.99
"384",383,"Groove Fiction",1,"NC-17",0.99
"385",385,"Groundhog Uncut",1,"PG-13",4.99
"386",386,"Gump Date",1,"NC-17",4.99
"387",387,"Gun Bonnie",1,"G",0.99
"388",388,"Gunfight Moon",1,"NC-17",0.99
"389",389,"Gunfighter Mussolini",1,"PG-13",2.99
"390",390,"Guys Falcon",1,"R",4.99
"391",391,"Half Outfield",1,"PG-13",2.99
"392",392,"Hall Cassidy",1,"NC-17",4.99
"393",393,"Halloween Nuts",1,"PG-13",2.99
"394",394,"Hamlet Wisdom",1,"R",2.99
"395",449,"Identity Lover",1,"PG-13",2.99
"396",395,"Handicap Boondock",1,"R",0.99
"397",396,"Hanging Deep",1,"G",4.99
"398",397,"Hanky October",1,"NC-17",2.99
"399",398,"Hanover Galaxy",1,"NC-17",4.99
"400",399,"Happiness United",1,"G",2.99
"401",400,"Hardly Robbers",1,"R",2.99
"402",401,"Harold French",1,"NC-17",0.99
"403",402,"Harper Dying",1,"G",0.99
"404",403,"Harry Idaho",1,"PG-13",4.99
"405",404,"Hate Handicap",1,"PG",0.99
"406",405,"Haunted Antitrust",1,"NC-17",4.99
"407",406,"Haunting Pianist",1,"R",0.99
"408",407,"Hawk Chill",1,"PG-13",0.99
"409",408,"Head Stranger",1,"R",4.99
"410",409,"Heartbreakers Bright",1,"G",4.99
"411",410,"Heaven Freedom",1,"PG",2.99
"412",411,"Heavenly Gun",1,"NC-17",4.99
"413",412,"Heavyweights Beast",1,"G",4.99
"414",413,"Hedwig Alter",1,"NC-17",2.99
"415",414,"Hellfighters Sierra",1,"PG",2.99
"416",415,"High Encino",1,"R",2.99
"417",416,"Highball Potter",1,"R",0.99
"418",417,"Hills Neighbors",1,"G",0.99
"419",418,"Hobbit Alien",1,"PG-13",0.99
"420",419,"Hocus Frida",1,"G",2.99
"421",420,"Holes Brannigan",1,"PG",4.99
"422",421,"Holiday Games",1,"PG-13",4.99
"423",422,"Hollow Jeopardy",1,"NC-17",4.99
"424",423,"Hollywood Anonymous",1,"PG",0.99
"425",424,"Holocaust Highball",1,"R",0.99
"426",425,"Holy Tadpole",1,"R",0.99
"427",426,"Home Pity",1,"R",4.99
"428",427,"Homeward Cider",1,"R",0.99
"429",428,"Homicide Peach",1,"PG-13",2.99
"430",429,"Honey Ties",1,"R",0.99
"431",430,"Hook Chariots",1,"G",0.99
"432",450,"Idols Snatchers",1,"NC-17",2.99
"433",431,"Hoosiers Birdcage",1,"G",2.99
"434",432,"Hope Tootsie",1,"NC-17",2.99
"435",433,"Horn Working",1,"PG",2.99
"436",434,"Horror Reign",1,"R",0.99
"437",435,"Hotel Happiness",1,"PG-13",4.99
"438",436,"Hours Rage",1,"NC-17",0.99
"439",437,"House Dynamite",1,"R",2.99
"440",438,"Human Graffiti",1,"NC-17",2.99
"441",439,"Hunchback Impossible",1,"PG-13",4.99
"442",440,"Hunger Roof",1,"G",0.99
"443",441,"Hunter Alter",1,"PG-13",2.99
"444",442,"Hunting Musketeers",1,"NC-17",2.99
"445",443,"Hurricane Affair",1,"PG",2.99
"446",444,"Hustler Party",1,"NC-17",4.99
"447",445,"Hyde Doctor",1,"G",2.99
"448",446,"Hysterical Grail",1,"PG",4.99
"449",447,"Ice Crossing",1,"R",2.99
"450",448,"Idaho Love",1,"PG-13",2.99
"451",451,"Igby Maker",1,"NC-17",4.99
"452",452,"Illusion Amelie",1,"R",0.99
"453",453,"Image Princess",1,"PG-13",2.99
"454",454,"Impact Aladdin",1,"PG-13",0.99
"455",455,"Impossible Prejudice",1,"NC-17",4.99
"456",456,"Inch Jet",1,"NC-17",4.99
"457",457,"Independence Hotel",1,"NC-17",0.99
"458",458,"Indian Love",1,"NC-17",0.99
"459",459,"Informer Double",1,"NC-17",4.99
"460",460,"Innocent Usual",1,"PG-13",4.99
"461",461,"Insects Stone",1,"NC-17",0.99
"462",462,"Insider Arizona",1,"NC-17",2.99
"463",463,"Instinct Airport",1,"PG",2.99
"464",464,"Intentions Empire",1,"PG-13",2.99
"465",465,"Interview Liaisons",1,"R",4.99
"466",466,"Intolerable Intentions",1,"PG-13",4.99
"467",467,"Intrigue Worst",1,"G",0.99
"468",468,"Invasion Cyclone",1,"PG",2.99
"469",469,"Iron Moon",1,"PG",4.99
"470",470,"Ishtar Rocketeer",1,"R",4.99
"471",471,"Island Exorcist",1,"NC-17",2.99
"472",472,"Italian African",1,"G",4.99
"473",473,"Jacket Frisco",1,"PG-13",2.99
"474",474,"Jade Bunch",1,"NC-17",2.99
"475",475,"Japanese Run",1,"G",0.99
"476",476,"Jason Trap",1,"NC-17",2.99
"477",477,"Jawbreaker Brooklyn",1,"PG",0.99
"478",478,"Jaws Harry",1,"G",2.99
"479",479,"Jedi Beneath",1,"PG",0.99
"480",480,"Jeepers Wedding",1,"R",2.99
"481",481,"Jekyll Frogmen",1,"PG",2.99
"482",482,"Jeopardy Encino",1,"R",0.99
"483",483,"Jericho Mulan",1,"NC-17",2.99
"484",484,"Jerk Paycheck",1,"NC-17",2.99
"485",485,"Jersey Sassy",1,"PG",4.99
"486",486,"Jet Neighbors",1,"R",4.99
"487",487,"Jingle Sagebrush",1,"PG-13",4.99
"488",488,"Joon Northwest",1,"NC-17",0.99
"489",489,"Juggler Hardly",1,"PG-13",0.99
"490",490,"Jumanji Blade",1,"G",2.99
"491",491,"Jumping Wrath",1,"NC-17",0.99
"492",492,"Jungle Closer",1,"NC-17",0.99
"493",493,"Kane Exorcist",1,"R",0.99
"494",494,"Karate Moon",1,"PG-13",0.99
"495",495,"Kentuckian Giant",1,"PG",2.99
"496",496,"Kick Savannah",1,"PG-13",0.99
"497",497,"Kill Brotherhood",1,"G",0.99
"498",498,"Killer Innocent",1,"R",2.99
"499",499,"King Evolution",1,"NC-17",4.99
"500",500,"Kiss Glory",1,"PG-13",4.99
"501",501,"Kissing Dolls",1,"R",4.99
"502",502,"Knock Warlock",1,"PG-13",2.99
"503",503,"Kramer Chocolate",1,"R",2.99
"504",504,"Kwai Homeward",1,"PG-13",0.99
"505",505,"Labyrinth League",1,"PG-13",2.99
"506",753,"Rush Goodfellas",1,"PG",0.99
"507",506,"Lady Stage",1,"PG",4.99
"508",507,"Ladybugs Armageddon",1,"NC-17",0.99
"509",508,"Lambs Cincinatti",1,"PG-13",4.99
"510",509,"Language Cowboy",1,"NC-17",0.99
"511",510,"Lawless Vision",1,"G",4.99
"512",511,"Lawrence Love",1,"NC-17",0.99
"513",512,"League Hellfighters",1,"PG-13",4.99
"514",513,"Leathernecks Dwarfs",1,"PG-13",2.99
"515",514,"Lebowski Soldiers",1,"PG-13",2.99
"516",515,"Legally Secretary",1,"PG",4.99
"517",516,"Legend Jedi",1,"PG",0.99
"518",517,"Lesson Cleopatra",1,"NC-17",0.99
"519",518,"Liaisons Sweet",1,"PG",4.99
"520",519,"Liberty Magnificent",1,"G",2.99
"521",520,"License Weekend",1,"NC-17",2.99
"522",521,"Lies Treatment",1,"NC-17",4.99
"523",522,"Life Twisted",1,"NC-17",2.99
"524",523,"Lights Deer",1,"R",0.99
"525",560,"Mars Roman",1,"NC-17",0.99
"526",524,"Lion Uncut",1,"PG",0.99
"527",525,"Loathing Legally",1,"R",0.99
"528",526,"Lock Rear",1,"R",2.99
"529",527,"Lola Agent",1,"PG",4.99
"530",528,"Lolita World",1,"NC-17",2.99
"531",529,"Lonely Elephant",1,"G",2.99
"532",530,"Lord Arizona",1,"PG-13",2.99
"533",531,"Lose Inch",1,"R",0.99
"534",532,"Loser Hustler",1,"PG",4.99
"535",533,"Lost Bird",1,"PG-13",2.99
"536",534,"Louisiana Harry",1,"PG-13",0.99
"537",535,"Love Suicides",1,"R",0.99
"538",536,"Lovely Jingle",1,"PG",2.99
"539",537,"Lover Truman",1,"G",2.99
"540",538,"Loverboy Attacks",1,"PG-13",0.99
"541",539,"Luck Opus",1,"NC-17",2.99
"542",540,"Lucky Flying",1,"PG-13",2.99
"543",541,"Luke Mummy",1,"NC-17",2.99
"544",561,"Mask Peach",1,"NC-17",2.99
"545",542,"Lust Lock",1,"G",2.99
"546",543,"Madigan Dorado",1,"R",4.99
"547",544,"Madison Trap",1,"R",2.99
"548",545,"Madness Attacks",1,"PG-13",0.99
"549",546,"Madre Gables",1,"PG-13",2.99
"550",547,"Magic Mallrats",1,"PG",0.99
"551",548,"Magnificent Chitty",1,"R",2.99
"552",549,"Magnolia Forrester",1,"PG-13",0.99
"553",550,"Maguire Apache",1,"NC-17",2.99
"554",551,"Maiden Home",1,"PG",4.99
"555",552,"Majestic Floats",1,"PG",0.99
"556",553,"Maker Gables",1,"PG-13",0.99
"557",554,"Malkovich Pet",1,"G",2.99
"558",555,"Mallrats United",1,"PG",0.99
"559",556,"Maltese Hope",1,"PG-13",4.99
"560",557,"Manchurian Curtain",1,"PG",2.99
"561",558,"Mannequin Worst",1,"PG-13",2.99
"562",559,"Married Go",1,"G",2.99
"563",562,"Masked Bubble",1,"PG-13",0.99
"564",563,"Massacre Usual",1,"R",4.99
"565",564,"Massage Image",1,"PG",2.99
"566",565,"Matrix Snowman",1,"PG-13",4.99
"567",566,"Maude Mod",1,"R",0.99
"568",567,"Meet Chocolate",1,"G",2.99
"569",568,"Memento Zoolander",1,"NC-17",4.99
"570",569,"Menagerie Rushmore",1,"G",2.99
"571",570,"Mermaid Insects",1,"NC-17",4.99
"572",571,"Metal Armageddon",1,"PG-13",2.99
"573",572,"Metropolis Coma",1,"PG-13",2.99
"574",573,"Microcosmos Paradise",1,"PG-13",2.99
"575",574,"Midnight Westward",1,"G",0.99
"576",575,"Midsummer Groundhog",1,"G",4.99
"577",576,"Mighty Luck",1,"PG",2.99
"578",577,"Mile Mulan",1,"PG",0.99
"579",578,"Million Ace",1,"PG-13",4.99
"580",579,"Minds Truman",1,"PG-13",4.99
"581",580,"Mine Titans",1,"PG-13",4.99
"582",581,"Minority Kiss",1,"G",0.99
"583",582,"Miracle Virtual",1,"PG-13",2.99
"584",583,"Mission Zoolander",1,"PG-13",4.99
"585",584,"Mixed Doors",1,"PG-13",2.99
"586",585,"Mob Duffel",1,"G",0.99
"587",586,"Mockingbird Hollywood",1,"PG",0.99
"588",587,"Mod Secretary",1,"NC-17",4.99
"589",588,"Model Fish",1,"NC-17",4.99
"590",589,"Modern Dorado",1,"PG",0.99
"591",590,"Money Harold",1,"PG",2.99
"592",591,"Monsoon Cause",1,"PG",4.99
"593",592,"Monster Spartacus",1,"PG",2.99
"594",593,"Monterey Labyrinth",1,"G",0.99
"595",594,"Montezuma Command",1,"NC-17",0.99
"596",595,"Moon Bunch",1,"PG",0.99
"597",596,"Moonshine Cabin",1,"PG-13",4.99
"598",597,"Moonwalker Fool",1,"G",4.99
"599",598,"Mosquito Armageddon",1,"G",0.99
"600",599,"Mother Oleander",1,"R",0.99
"601",600,"Motions Details",1,"PG",0.99
"602",601,"Moulin Wake",1,"PG-13",0.99
"603",602,"Mourning Purple",1,"PG",0.99
"604",603,"Movie Shakespeare",1,"PG",4.99
"605",604,"Mulan Moon",1,"G",0.99
"606",605,"Mulholland Beast",1,"PG",2.99
"607",606,"Mummy Creatures",1,"NC-17",0.99
"608",607,"Muppet Mile",1,"PG",4.99
"609",608,"Murder Antitrust",1,"PG",2.99
"610",609,"Muscle Bright",1,"G",2.99
"611",610,"Music Boondock",1,"R",0.99
"612",611,"Musketeers Wait",1,"PG",4.99
"613",612,"Mussolini Spoilers",1,"G",2.99
"614",613,"Mystic Truman",1,"NC-17",0.99
"615",614,"Name Detective",1,"PG-13",4.99
"616",615,"Nash Chocolat",1,"PG-13",2.99
"617",616,"National Story",1,"NC-17",2.99
"618",617,"Natural Stock",1,"PG-13",0.99
"619",618,"Necklace Outbreak",1,"PG",0.99
"620",619,"Neighbors Charade",1,"R",0.99
"621",620,"Nemo Campus",1,"NC-17",2.99
"622",621,"Network Peak",1,"PG-13",2.99
"623",622,"Newsies Story",1,"G",0.99
"624",623,"Newton Labyrinth",1,"PG",0.99
"625",624,"Nightmare Chill",1,"PG",4.99
"626",625,"None Spiking",1,"NC-17",0.99
"627",626,"Noon Papi",1,"G",2.99
"628",627,"North Tequila",1,"NC-17",4.99
"629",628,"Northwest Polish",1,"PG",2.99
"630",629,"Notorious Reunion",1,"NC-17",0.99
"631",630,"Notting Speakeasy",1,"PG-13",0.99
"632",631,"Novocaine Flight",1,"G",0.99
"633",632,"Nuts Ties",1,"NC-17",4.99
"634",633,"October Submarine",1,"PG-13",4.99
"635",634,"Odds Boogie",1,"NC-17",0.99
"636",635,"Oklahoma Jumanji",1,"PG",0.99
"637",636,"Oleander Clue",1,"PG",0.99
"638",637,"Open African",1,"PG",4.99
"639",638,"Operation Operation",1,"G",2.99
"640",639,"Opposite Necklace",1,"PG",4.99
"641",640,"Opus Ice",1,"R",4.99
"642",641,"Orange Grapes",1,"PG-13",0.99
"643",642,"Order Betrayed",1,"PG-13",2.99
"644",643,"Orient Closer",1,"R",2.99
"645",644,"Oscar Gold",1,"PG",2.99
"646",645,"Others Soup",1,"PG",2.99
"647",646,"Outbreak Divine",1,"NC-17",0.99
"648",647,"Outfield Massacre",1,"NC-17",0.99
"649",648,"Outlaw Hanky",1,"PG-13",4.99
"650",649,"Oz Liaisons",1,"R",2.99
"651",650,"Pacific Amistad",1,"G",0.99
"652",651,"Packer Madigan",1,"PG-13",0.99
"653",652,"Pajama Jawbreaker",1,"R",0.99
"654",653,"Panic Club",1,"G",4.99
"655",654,"Panky Submarine",1,"G",4.99
"656",655,"Panther Reds",1,"NC-17",4.99
"657",656,"Papi Necklace",1,"PG",0.99
"658",657,"Paradise Sabrina",1,"PG-13",2.99
"659",658,"Paris Weekend",1,"PG-13",2.99
"660",659,"Park Citizen",1,"PG-13",4.99
"661",660,"Party Knock",1,"PG",2.99
"662",661,"Past Suicides",1,"PG-13",4.99
"663",662,"Paths Control",1,"PG",4.99
"664",663,"Patient Sister",1,"NC-17",0.99
"665",664,"Patriot Roman",1,"PG",2.99
"666",665,"Patton Interview",1,"PG",2.99
"667",666,"Paycheck Wait",1,"PG-13",4.99
"668",667,"Peach Innocent",1,"PG-13",2.99
"669",668,"Peak Forever",1,"PG",4.99
"670",669,"Pearl Destiny",1,"NC-17",2.99
"671",670,"Pelican Comforts",1,"PG",4.99
"672",671,"Perdition Fargo",1,"NC-17",4.99
"673",672,"Perfect Groove",1,"PG-13",2.99
"674",673,"Personal Ladybugs",1,"PG-13",0.99
"675",674,"Pet Haunting",1,"PG",0.99
"676",675,"Phantom Glory",1,"NC-17",2.99
"677",676,"Philadelphia Wife",1,"PG-13",4.99
"678",677,"Pianist Outfield",1,"NC-17",0.99
"679",678,"Pickup Driving",1,"G",2.99
"680",679,"Pilot Hoosiers",1,"PG",2.99
"681",680,"Pinocchio Simon",1,"PG",4.99
"682",681,"Pirates Roxanne",1,"PG",0.99
"683",682,"Pittsburgh Hunchback",1,"PG-13",4.99
"684",683,"Pity Bound",1,"NC-17",4.99
"685",684,"Pizza Jumanji",1,"NC-17",2.99
"686",685,"Platoon Instinct",1,"PG-13",4.99
"687",686,"Pluto Oleander",1,"R",4.99
"688",687,"Pocus Pulp",1,"NC-17",0.99
"689",688,"Polish Brooklyn",1,"PG",0.99
"690",689,"Pollock Deliverance",1,"PG",2.99
"691",690,"Pond Seattle",1,"PG-13",2.99
"692",691,"Poseidon Forever",1,"PG-13",4.99
"693",692,"Potluck Mixed",1,"G",2.99
"694",693,"Potter Connecticut",1,"PG",2.99
"695",694,"Prejudice Oleander",1,"PG-13",4.99
"696",695,"President Bang",1,"PG",4.99
"697",696,"Pride Alamo",1,"NC-17",0.99
"698",697,"Primary Glass",1,"G",0.99
"699",698,"Princess Giant",1,"NC-17",2.99
"700",699,"Private Drop",1,"PG",4.99
"701",700,"Prix Undefeated",1,"R",2.99
"702",701,"Psycho Shrunk",1,"PG-13",2.99
"703",702,"Pulp Beverly",1,"G",2.99
"704",703,"Punk Divorce",1,"PG",4.99
"705",704,"Pure Runner",1,"NC-17",2.99
"706",705,"Purple Movie",1,"R",2.99
"707",706,"Queen Luke",1,"PG",4.99
"708",707,"Quest Mussolini",1,"R",2.99
"709",708,"Quills Bull",1,"R",4.99
"710",709,"Racer Egg",1,"NC-17",2.99
"711",710,"Rage Games",1,"R",4.99
"712",711,"Raging Airplane",1,"R",4.99
"713",712,"Raiders Antitrust",1,"PG-13",0.99
"714",713,"Rainbow Shock",1,"PG",4.99
"715",714,"Random Go",1,"NC-17",2.99
"716",715,"Range Moonwalker",1,"PG",4.99
"717",716,"Reap Unfaithful",1,"PG-13",2.99
"718",717,"Rear Trading",1,"NC-17",0.99
"719",718,"Rebel Airport",1,"G",0.99
"720",719,"Records Zorro",1,"PG",4.99
"721",720,"Redemption Comforts",1,"NC-17",2.99
"722",721,"Reds Pocus",1,"PG-13",4.99
"723",722,"Reef Salute",1,"NC-17",0.99
"724",723,"Reign Gentlemen",1,"PG-13",2.99
"725",724,"Remember Diary",1,"R",2.99
"726",725,"Requiem Tycoon",1,"R",4.99
"727",726,"Reservoir Adaptation",1,"PG-13",2.99
"728",727,"Resurrection Silverado",1,"PG",0.99
"729",728,"Reunion Witches",1,"R",0.99
"730",729,"Rider Caddyshack",1,"PG",2.99
"731",730,"Ridgemont Submarine",1,"PG-13",0.99
"732",731,"Right Cranes",1,"PG-13",4.99
"733",732,"Rings Heartbreakers",1,"G",0.99
"734",733,"River Outlaw",1,"PG-13",0.99
"735",734,"Road Roxanne",1,"R",4.99
"736",735,"Robbers Joon",1,"PG-13",2.99
"737",736,"Robbery Bright",1,"R",0.99
"738",737,"Rock Instinct",1,"G",0.99
"739",738,"Rocketeer Mother",1,"PG-13",0.99
"740",739,"Rocky War",1,"PG-13",4.99
"741",740,"Rollercoaster Bringing",1,"PG-13",2.99
"742",741,"Roman Punk",1,"NC-17",0.99
"743",742,"Roof Champion",1,"R",0.99
"744",743,"Room Roman",1,"PG",0.99
"745",744,"Roots Remember",1,"PG-13",0.99
"746",745,"Roses Treasure",1,"PG-13",4.99
"747",746,"Rouge Squad",1,"NC-17",0.99
"748",747,"Roxanne Rebel",1,"R",0.99
"749",748,"Rugrats Shakespeare",1,"PG-13",0.99
"750",749,"Rules Human",1,"R",4.99
"751",750,"Run Pacific",1,"R",0.99
"752",751,"Runaway Tenenbaums",1,"NC-17",0.99
"753",752,"Runner Madigan",1,"NC-17",0.99
"754",754,"Rushmore Mermaid",1,"PG-13",2.99
"755",755,"Sabrina Midnight",1,"PG",4.99
"756",756,"Saddle Antitrust",1,"PG-13",2.99
"757",757,"Sagebrush Clueless",1,"G",2.99
"758",758,"Saints Bride",1,"G",2.99
"759",759,"Salute Apollo",1,"R",2.99
"760",760,"Samurai Lion",1,"G",2.99
"761",761,"Santa Paris",1,"PG",2.99
"762",762,"Sassy Packer",1,"G",0.99
"763",763,"Satisfaction Confidential",1,"G",4.99
"764",764,"Saturday Lambs",1,"G",4.99
"765",765,"Saturn Name",1,"R",4.99
"766",766,"Savannah Town",1,"PG-13",0.99
"767",767,"Scalawag Duck",1,"NC-17",4.99
"768",768,"Scarface Bang",1,"PG-13",4.99
"769",769,"School Jacket",1,"PG-13",4.99
"770",770,"Scissorhands Slums",1,"G",2.99
"771",788,"Ship Wonderland",1,"R",2.99
"772",771,"Scorpion Apollo",1,"NC-17",4.99
"773",772,"Sea Virgin",1,"PG",2.99
"774",773,"Seabiscuit Punk",1,"NC-17",2.99
"775",774,"Searchers Wait",1,"NC-17",2.99
"776",775,"Seattle Expecations",1,"PG-13",4.99
"777",776,"Secret Groundhog",1,"PG",4.99
"778",777,"Secretary Rouge",1,"PG",4.99
"779",778,"Secrets Paradise",1,"G",4.99
"780",779,"Sense Greek",1,"R",4.99
"781",780,"Sensibility Rear",1,"PG",4.99
"782",781,"Seven Swarm",1,"R",4.99
"783",782,"Shakespeare Saddle",1,"PG-13",2.99
"784",783,"Shane Darkness",1,"PG",2.99
"785",784,"Shanghai Tycoon",1,"PG",2.99
"786",785,"Shawshank Bubble",1,"PG",4.99
"787",786,"Shepherd Midsummer",1,"R",0.99
"788",787,"Shining Roses",1,"G",0.99
"789",789,"Shock Cabin",1,"PG-13",2.99
"790",790,"Shootist Superfly",1,"PG-13",0.99
"791",791,"Show Lord",1,"PG-13",4.99
"792",792,"Shrek License",1,"PG-13",2.99
"793",793,"Shrunk Divine",1,"R",2.99
"794",794,"Side Ark",1,"G",0.99
"795",795,"Siege Madre",1,"R",0.99
"796",796,"Sierra Divide",1,"NC-17",0.99
"797",797,"Silence Kane",1,"R",0.99
"798",798,"Silverado Goldfinger",1,"PG",4.99
"799",799,"Simon North",1,"NC-17",0.99
"800",800,"Sinners Atlantis",1,"PG-13",2.99
"801",801,"Sister Freddy",1,"PG-13",4.99
"802",802,"Sky Miracle",1,"PG",2.99
"803",803,"Slacker Liaisons",1,"R",4.99
"804",804,"Sleeping Suspects",1,"PG-13",4.99
"805",805,"Sleepless Monsoon",1,"G",4.99
"806",806,"Sleepy Japanese",1,"PG",2.99
"807",807,"Sleuth Orient",1,"NC-17",0.99
"808",808,"Sling Luke",1,"R",0.99
"809",809,"Slipper Fidelity",1,"PG-13",0.99
"810",810,"Slums Duck",1,"PG",0.99
"811",811,"Smile Earring",1,"G",2.99
"812",812,"Smoking Barbarella",1,"PG-13",0.99
"813",813,"Smoochy Control",1,"R",0.99
"814",814,"Snatch Slipper",1,"PG",4.99
"815",815,"Snatchers Montezuma",1,"PG-13",2.99
"816",816,"Snowman Rollercoaster",1,"G",0.99
"817",817,"Soldiers Evolution",1,"R",4.99
"818",818,"Something Duck",1,"NC-17",4.99
"819",819,"Song Hedwig",1,"PG-13",0.99
"820",820,"Sons Interview",1,"NC-17",2.99
"821",821,"Sorority Queen",1,"NC-17",0.99
"822",822,"Soup Wisdom",1,"R",0.99
"823",823,"South Wait",1,"R",2.99
"824",824,"Spartacus Cheaper",1,"NC-17",4.99
"825",825,"Speakeasy Date",1,"PG-13",2.99
"826",826,"Speed Suit",1,"PG-13",4.99
"827",827,"Spice Sorority",1,"NC-17",4.99
"828",828,"Spiking Element",1,"G",2.99
"829",829,"Spinal Rocky",1,"PG-13",2.99
"830",830,"Spirit Flintstones",1,"R",0.99
"831",831,"Spirited Casualties",1,"PG-13",0.99
"832",832,"Splash Gump",1,"PG",0.99
"833",833,"Splendor Patton",1,"R",0.99
"834",834,"Spoilers Hellfighters",1,"G",0.99
"835",835,"Spy Mile",1,"PG-13",2.99
"836",836,"Squad Fish",1,"PG",2.99
"837",837,"Stage World",1,"PG",2.99
"838",838,"Stagecoach Armageddon",1,"R",4.99
"839",839,"Stallion Sundance",1,"PG-13",0.99
"840",840,"Stampede Disturbing",1,"R",0.99
"841",841,"Star Operation",1,"PG",2.99
"842",842,"State Wasteland",1,"NC-17",2.99
"843",843,"Steel Santa",1,"NC-17",4.99
"844",844,"Steers Armageddon",1,"PG",4.99
"845",845,"Stepmom Dream",1,"NC-17",4.99
"846",846,"Sting Personal",1,"NC-17",4.99
"847",847,"Stock Glass",1,"PG",2.99
"848",848,"Stone Fire",1,"G",0.99
"849",849,"Storm Happiness",1,"NC-17",0.99
"850",850,"Story Side",1,"R",0.99
"851",851,"Straight Hours",1,"R",0.99
"852",852,"Strangelove Desire",1,"NC-17",0.99
"853",853,"Stranger Strangers",1,"G",4.99
"854",890,"Tights Dawn",1,"R",0.99
"855",854,"Strangers Graffiti",1,"R",4.99
"856",855,"Streak Ridgemont",1,"PG-13",0.99
"857",856,"Streetcar Intentions",1,"R",4.99
"858",857,"Strictly Scarface",1,"PG-13",2.99
"859",858,"Submarine Bed",1,"R",4.99
"860",859,"Sugar Wonka",1,"PG",4.99
"861",860,"Suicides Silence",1,"G",4.99
"862",861,"Suit Walls",1,"R",4.99
"863",862,"Summer Scarface",1,"G",0.99
"864",863,"Sun Confessions",1,"R",0.99
"865",864,"Sundance Invasion",1,"NC-17",0.99
"866",865,"Sunrise League",1,"PG-13",4.99
"867",866,"Sunset Racer",1,"NC-17",0.99
"868",867,"Super Wyoming",1,"PG",4.99
"869",868,"Superfly Trip",1,"PG",0.99
"870",869,"Suspects Quills",1,"PG",2.99
"871",870,"Swarm Gold",1,"PG-13",0.99
"872",871,"Sweden Shining",1,"PG",4.99
"873",891,"Timberland Sky",1,"G",0.99
"874",872,"Sweet Brotherhood",1,"R",2.99
"875",873,"Sweethearts Suspects",1,"G",0.99
"876",874,"Tadpole Park",1,"PG",2.99
"877",875,"Talented Homicide",1,"PG",0.99
"878",876,"Tarzan Videotape",1,"PG-13",2.99
"879",877,"Taxi Kick",1,"PG-13",0.99
"880",878,"Teen Apollo",1,"G",4.99
"881",879,"Telegraph Voyage",1,"PG",4.99
"882",880,"Telemark Heartbreakers",1,"PG-13",2.99
"883",881,"Temple Attraction",1,"PG",4.99
"884",882,"Tenenbaums Command",1,"PG-13",0.99
"885",883,"Tequila Past",1,"PG",4.99
"886",884,"Terminator Club",1,"R",4.99
"887",885,"Texas Watch",1,"NC-17",0.99
"888",886,"Theory Mermaid",1,"PG-13",0.99
"889",887,"Thief Pelican",1,"PG-13",4.99
"890",888,"Thin Sagebrush",1,"PG-13",4.99
"891",889,"Ties Hunger",1,"R",4.99
"892",892,"Titanic Boondock",1,"R",4.99
"893",893,"Titans Jerk",1,"PG",4.99
"894",894,"Tomatoes Hellfighters",1,"PG",0.99
"895",895,"Tomorrow Hustler",1,"R",2.99
"896",896,"Tootsie Pilot",1,"PG",0.99
"897",897,"Torque Bound",1,"G",4.99
"898",898,"Tourist Pelican",1,"PG-13",4.99
"899",899,"Towers Hurricane",1,"NC-17",0.99
"900",900,"Town Ark",1,"R",2.99
"901",901,"Tracy Cider",1,"G",0.99
"902",902,"Trading Pinocchio",1,"PG",4.99
"903",903,"Traffic Hobbit",1,"G",4.99
"904",904,"Train Bunch",1,"R",4.99
"905",905,"Trainspotting Strangers",1,"PG-13",4.99
"906",906,"Tramp Others",1,"PG",0.99
"907",907,"Translation Summer",1,"PG-13",0.99
"908",908,"Trap Guys",1,"G",4.99
"909",909,"Treasure Command",1,"PG-13",0.99
"910",910,"Treatment Jekyll",1,"PG",0.99
"911",911,"Trip Newton",1,"PG-13",4.99
"912",912,"Trojan Tomorrow",1,"PG",2.99
"913",913,"Troopers Metal",1,"R",0.99
"914",914,"Trouble Date",1,"PG",2.99
"915",915,"Truman Crazy",1,"G",4.99
"916",916,"Turn Star",1,"G",2.99
"917",917,"Tuxedo Mile",1,"R",2.99
"918",918,"Twisted Pirates",1,"PG",4.99
"919",919,"Tycoon Gathering",1,"G",4.99
"920",920,"Unbreakable Karate",1,"G",0.99
"921",921,"Uncut Suicides",1,"PG-13",2.99
"922",922,"Undefeated Dalmations",1,"PG-13",4.99
"923",923,"Unfaithful Kill",1,"R",2.99
"924",924,"Unforgiven Zoolander",1,"PG",0.99
"925",925,"United Pilot",1,"R",0.99
"926",926,"Untouchables Sunrise",1,"NC-17",2.99
"927",927,"Uprising Uptown",1,"NC-17",2.99
"928",928,"Uptown Young",1,"PG",2.99
"929",929,"Usual Untouchables",1,"PG-13",4.99
"930",930,"Vacation Boondock",1,"R",2.99
"931",931,"Valentine Vanishing",1,"PG-13",0.99
"932",932,"Valley Packer",1,"G",0.99
"933",933,"Vampire Whale",1,"NC-17",4.99
"934",934,"Vanilla Day",1,"NC-17",4.99
"935",935,"Vanished Garden",1,"R",0.99
"936",936,"Vanishing Rocky",1,"NC-17",2.99
"937",937,"Varsity Trip",1,"NC-17",2.99
"938",938,"Velvet Terminator",1,"R",4.99
"939",939,"Vertigo Northwest",1,"R",2.99
"940",940,"Victory Academy",1,"PG-13",0.99
"941",941,"Videotape Arsenic",1,"NC-17",4.99
"942",942,"Vietnam Smoochy",1,"PG-13",0.99
"943",943,"Villain Desperate",1,"PG-13",4.99
"944",944,"Virgin Daisy",1,"PG-13",4.99
"945",945,"Virginian Pluto",1,"R",0.99
"946",946,"Virtual Spoilers",1,"NC-17",4.99
"947",947,"Vision Torque",1,"PG-13",0.99
"948",948,"Voice Peach",1,"PG-13",0.99
"949",949,"Volcano Texas",1,"NC-17",0.99
"950",950,"Volume House",1,"PG",4.99
"951",951,"Voyage Legally",1,"PG-13",0.99
"952",952,"Wagon Jaws",1,"PG",2.99
"953",953,"Wait Cider",1,"PG-13",0.99
"954",954,"Wake Jaws",1,"G",4.99
"955",955,"Walls Artist",1,"PG",4.99
"956",956,"Wanda Chamber",1,"PG-13",4.99
"957",957,"War Notting",1,"G",4.99
"958",958,"Wardrobe Phantom",1,"G",2.99
"959",959,"Warlock Werewolf",1,"G",2.99
"960",960,"Wars Pluto",1,"G",2.99
"961",961,"Wash Heavenly",1,"R",4.99
"962",962,"Wasteland Divine",1,"PG",2.99
"963",963,"Watch Tracy",1,"PG",0.99
"964",964,"Waterfront Deliverance",1,"G",4.99
"965",965,"Watership Frontier",1,"G",0.99
"966",966,"Wedding Apollo",1,"PG",0.99
"967",967,"Weekend Personal",1,"R",2.99
"968",968,"Werewolf Lola",1,"G",4.99
"969",969,"West Lion",1,"G",4.99
"970",970,"Westward Seabiscuit",1,"NC-17",0.99
"971",971,"Whale Bikini",1,"PG-13",4.99
"972",972,"Whisperer Giant",1,"PG-13",4.99
"973",973,"Wife Turn",1,"NC-17",4.99
"974",974,"Wild Apollo",1,"R",0.99
"975",975,"Willow Tracy",1,"R",2.99
"976",976,"Wind Phantom",1,"R",0.99
"977",977,"Window Side",1,"R",2.99
"978",978,"Wisdom Worker",1,"R",0.99
"979",979,"Witches Panic",1,"NC-17",4.99
"980",980,"Wizard Coldblooded",1,"PG",4.99
"981",981,"Wolves Desire",1,"NC-17",0.99
"982",982,"Women Dorado",1,"R",0.99
"983",983,"Won Dares",1,"PG",2.99
"984",984,"Wonderful Drop",1,"NC-17",2.99
"985",985,"Wonderland Christmas",1,"PG",4.99
"986",986,"Wonka Sea",1,"NC-17",2.99
"987",987,"Words Hunter",1,"PG",2.99
"988",988,"Worker Tarzan",1,"R",2.99
"989",989,"Working Microcosmos",1,"R",4.99
"990",990,"World Leathernecks",1,"PG-13",0.99
"991",991,"Worst Banger",1,"PG",2.99
"992",992,"Wrath Mile",1,"NC-17",0.99
"993",993,"Wrong Behavior",1,"PG-13",2.99
"994",994,"Wyoming Storm",1,"PG-13",4.99
"995",995,"Yentl Idaho",1,"R",4.99
"996",996,"Young Language",1,"G",0.99
"997",997,"Youth Kick",1,"NC-17",0.99
"998",998,"Zhivago Core",1,"NC-17",0.99
"999",999,"Zoolander Fiction",1,"R",2.99
"1000",1000,"Zorro Ark",1,"NC-17",4.99
